{
  "statistics": {
    "total_videos": 10,
    "successful_matches": 10,
    "failed_matches": 0,
    "missing_recipe_embeddings": 0
  },
  "matching_results": {
    "16_39_360p_224.mp4_1s_1s": {
      "recipe_name": "scrambledeggs",
      "video_steps": [
        0,
        1,
        2,
        3,
        4,
        5,
        6,
        7
      ],
      "recipe_steps": [
        3,
        1,
        6,
        16,
        18,
        9,
        10,
        12
      ],
      "total_cost": 6.05390739440918,
      "avg_similarity": 0.24326154589653015,
      "n_video_steps": 8,
      "n_recipe_steps": 23,
      "matches": [
        [
          0,
          3
        ],
        [
          1,
          1
        ],
        [
          2,
          6
        ],
        [
          3,
          16
        ],
        [
          4,
          18
        ],
        [
          5,
          9
        ],
        [
          6,
          10
        ],
        [
          7,
          12
        ]
      ]
    },
    "10_16_360p_224.mp4_1s_1s": {
      "recipe_name": "pinwheels",
      "video_steps": [
        0,
        1,
        2,
        3,
        4,
        5,
        6,
        7
      ],
      "recipe_steps": [
        15,
        11,
        6,
        18,
        17,
        14,
        7,
        8
      ],
      "total_cost": 5.919755458831787,
      "avg_similarity": 0.2600305676460266,
      "n_video_steps": 8,
      "n_recipe_steps": 19,
      "matches": [
        [
          0,
          15
        ],
        [
          1,
          11
        ],
        [
          2,
          6
        ],
        [
          3,
          18
        ],
        [
          4,
          17
        ],
        [
          5,
          14
        ],
        [
          6,
          7
        ],
        [
          7,
          8
        ]
      ]
    },
    "13_12_360p_224.mp4_1s_1s": {
      "recipe_name": "buttercorncup",
      "video_steps": [
        0,
        1,
        2,
        3,
        4,
        5,
        6,
        7
      ],
      "recipe_steps": [
        10,
        7,
        5,
        4,
        11,
        2,
        8,
        6
      ],
      "total_cost": 6.389927864074707,
      "avg_similarity": 0.20125901699066162,
      "n_video_steps": 8,
      "n_recipe_steps": 12,
      "matches": [
        [
          0,
          10
        ],
        [
          1,
          7
        ],
        [
          2,
          5
        ],
        [
          3,
          4
        ],
        [
          4,
          11
        ],
        [
          5,
          2
        ],
        [
          6,
          8
        ],
        [
          7,
          6
        ]
      ]
    },
    "5_24_360p_224.mp4_1s_1s": {
      "recipe_name": "coffee",
      "video_steps": [
        0,
        1,
        2,
        3,
        4,
        5,
        6,
        7
      ],
      "recipe_steps": [
        15,
        4,
        10,
        3,
        8,
        14,
        5,
        9
      ],
      "total_cost": 6.171289443969727,
      "avg_similarity": 0.22858883440494537,
      "n_video_steps": 8,
      "n_recipe_steps": 16,
      "matches": [
        [
          0,
          15
        ],
        [
          1,
          4
        ],
        [
          2,
          10
        ],
        [
          3,
          3
        ],
        [
          4,
          8
        ],
        [
          5,
          14
        ],
        [
          6,
          5
        ],
        [
          7,
          9
        ]
      ]
    },
    "4_36_360p_224.mp4_1s_1s": {
      "recipe_name": "ramen",
      "video_steps": [
        0,
        1,
        2,
        3,
        4,
        5,
        6,
        7
      ],
      "recipe_steps": [
        4,
        5,
        9,
        2,
        6,
        14,
        12,
        3
      ],
      "total_cost": 5.437277317047119,
      "avg_similarity": 0.3203403353691101,
      "n_video_steps": 8,
      "n_recipe_steps": 15,
      "matches": [
        [
          0,
          4
        ],
        [
          1,
          5
        ],
        [
          2,
          9
        ],
        [
          3,
          2
        ],
        [
          4,
          6
        ],
        [
          5,
          14
        ],
        [
          6,
          12
        ],
        [
          7,
          3
        ]
      ]
    },
    "15_18_360p_224.mp4_1s_1s": {
      "recipe_name": "tomatochutney",
      "video_steps": [
        0,
        1,
        2,
        3,
        4,
        5,
        6,
        7
      ],
      "recipe_steps": [
        13,
        6,
        16,
        18,
        12,
        1,
        9,
        10
      ],
      "total_cost": 5.780050754547119,
      "avg_similarity": 0.2774936556816101,
      "n_video_steps": 8,
      "n_recipe_steps": 19,
      "matches": [
        [
          0,
          13
        ],
        [
          1,
          6
        ],
        [
          2,
          16
        ],
        [
          3,
          18
        ],
        [
          4,
          12
        ],
        [
          5,
          1
        ],
        [
          6,
          9
        ],
        [
          7,
          10
        ]
      ]
    },
    "20_14_360p_224.mp4_1s_1s": {
      "recipe_name": "sautedmushrooms",
      "video_steps": [
        0,
        1,
        2,
        3,
        4,
        5,
        6,
        7
      ],
      "recipe_steps": [
        16,
        9,
        5,
        0,
        17,
        3,
        2,
        7
      ],
      "total_cost": 6.036510467529297,
      "avg_similarity": 0.24543622136116028,
      "n_video_steps": 8,
      "n_recipe_steps": 18,
      "matches": [
        [
          0,
          16
        ],
        [
          1,
          9
        ],
        [
          2,
          5
        ],
        [
          3,
          0
        ],
        [
          4,
          17
        ],
        [
          5,
          3
        ],
        [
          6,
          2
        ],
        [
          7,
          7
        ]
      ]
    },
    "29_49_360p_224.mp4_1s_1s": {
      "recipe_name": "capresebruschetta",
      "video_steps": [
        0,
        1,
        2,
        3,
        4,
        5,
        6,
        7
      ],
      "recipe_steps": [
        10,
        2,
        7,
        8,
        4,
        3,
        6,
        1
      ],
      "total_cost": 6.561473369598389,
      "avg_similarity": 0.1798158437013626,
      "n_video_steps": 8,
      "n_recipe_steps": 11,
      "matches": [
        [
          0,
          10
        ],
        [
          1,
          2
        ],
        [
          2,
          7
        ],
        [
          3,
          8
        ],
        [
          4,
          4
        ],
        [
          5,
          3
        ],
        [
          6,
          6
        ],
        [
          7,
          1
        ]
      ]
    },
    "9_25_360p_224.mp4_1s_1s": {
      "recipe_name": "microwavefrenchtoast",
      "video_steps": [
        0,
        1,
        2,
        3,
        4,
        5,
        6,
        7
      ],
      "recipe_steps": [
        5,
        3,
        6,
        8,
        7,
        4,
        10,
        0
      ],
      "total_cost": 6.278469085693359,
      "avg_similarity": 0.21519139409065247,
      "n_video_steps": 8,
      "n_recipe_steps": 11,
      "matches": [
        [
          0,
          5
        ],
        [
          1,
          3
        ],
        [
          2,
          6
        ],
        [
          3,
          8
        ],
        [
          4,
          7
        ],
        [
          5,
          4
        ],
        [
          6,
          10
        ],
        [
          7,
          0
        ]
      ]
    },
    "10_18_360p_224.mp4_1s_1s": {
      "recipe_name": "pinwheels",